fldxt,gumby,scrip,vejoz,whank
fldxt,grubs,nicky,vejoz,whamp
frowl,jacky,pbxes,vingt,zhmud
fldxt,ginzo,jacks,verby,whump
bingy,fldxt,racks,vejoz,whump
burez,fldxt,jacks,vying,whomp
bumpy,fldxt,ricks,vejoz,whang
bucks,fldxt,mingy,vejoz,wharp
fldxt,gimps,runby,vejoz,whack
chimb,fldxt,pungy,vejoz,warks
bring,chums,fldxt,pawky,vejoz
benjy,fldxt,gucks,vizor,whamp
fldxt,gryph,manqu,vejoz,wicks
chivw,enzym,fldxt,jakob,sprug
fldxt,grimp,quawk,synch,vejoz
bongs,chivw,fremd,japyx,klutz
brack,fldxt,jowpy,vughs,zemni
fldxt,jacko,verbs,whump,zingy
bucky,fldxt,grimp,shawn,vejoz
fldxt,ginzo,jumps,verby,whack
flock,hdqrs,jumpy,twang,vibex
brick,fldxt,nymph,quags,vejoz
braky,chump,fldxt,vejoz,wings
chivw,fldxt,grebo,jumps,knyaz
bungs,crimp,fldxt,hawky,vejoz
bumpy,fldxt,singh,vejoz,wrack
burgh,cawny,fldxt,skimp,vejoz
brigs,fldxt,mawky,punch,vejoz
bumph,fldxt,rings,vejoz,wacky
benjy,fldxt,gizmo,supvr,whack
crumb,fldxt,hawky,pings,vejoz
bangy,fldxt,rumps,vejoz,whick
bench,fldxt,gawks,jumpy,vizor
brigs,fldxt,nymph,quawk,vejoz
bumps,ching,fldxt,rawky,vejoz
bonze,fldxt,gravy,jumps,whick
bowge,flick,hdqrs,japyx,muntz
bryum,fldxt,gawks,pinch,vejoz
chowk,fldxt,jumby,prize,vangs
bingy,fldxt,sumph,vejoz,wrack
bumpy,fldxt,gnars,vejoz,whick
bunch,fldxt,gripy,mawks,vejoz
chimb,fldxt,gawky,spurn,vejoz
ampyx,crwth,fdubs,kling,vejoz
brock,flews,japyx,vingt,zhmud
chivw,fldxt,jerks,pungy,zambo
benjy,chimp,fldxt,grosz,quawk
fldxt,gconv,jumby,karez,whisp
bunch,fldxt,mawky,sprig,vejoz
brahm,fldxt,pungy,vejoz,wicks
fldxt,gconv,jerky,squiz,whamp
bumps,fldxt,javer,whick,zygon
chivw,fldxt,graze,jumpy,knobs
bucks,fldxt,phyma,vejoz,wring
brick,fldxt,phyma,swung,vejoz
chivw,fldxt,grosz,jumby,pekan
bucks,fldxt,primy,vejoz,whang
crump,fldxt,gawby,knish,vejoz
bungs,fldxt,phyma,vejoz,wrick
brigs,fldxt,nymph,quack,vejoz
bring,fldxt,sumph,vejoz,wacky
bunch,fldxt,gramp,skiwy,vejoz
bungy,fldxt,phasm,vejoz,wrick
bryum,fldxt,pings,vejoz,whack
bungy,hdqrs,lampf,twick,vejoz
fldxt,jumbo,pshav,wreck,zingy
fldxt,rhumb,spack,vejoz,wingy
fldxt,jambe,supvr,whick,zygon
expdt,gconv,jumby,whilk,zarfs
chank,fldxt,jowpy,mirvs,uzbeg
bumpy,chowk,fldxt,javer,zings
fldxt,gconv,jizya,krebs,whump
chivw,expdt,jumby,klong,zarfs
fjord,glyph,muntz,vibex,wacks
bumpy,crank,fldxt,vejoz,whigs
breva,chowk,fldxt,jumps,zingy
champ,fldxt,kirby,swung,vejoz
fldxt,jumby,speck,vizor,whang
bryum,fldxt,spick,vejoz,whang
brahm,fldxt,spung,vejoz,wicky
bumps,fldxt,jahve,wrick,zygon
chivw,fldxt,grump,jazey,knobs
chimp,fldxt,rugby,swank,vejoz
bumph,fldxt,vejoz,wrick,yangs
brews,flock,japyx,vingt,zhmud
fldxt,gawby,munch,skirp,vejoz
breck,fldxt,jowpy,nizam,vughs
busky,crimp,fldxt,vejoz,whang
bingy,fldxt,murph,vejoz,wacks
bucks,fldxt,gramp,vejoz,whiny
chivw,fjord,glaky,muntz,pbxes
fldxt,gumby,prick,shawn,vejoz
bumps,fldxt,ringy,vejoz,whack
fldxt,ganch,jimpy,uzbek,vrows
bumpy,fldxt,karch,vejoz,wings
brevi,fldxt,jacks,whump,zygon
crumb,fldxt,spiky,vejoz,whang
bumph,fldxt,jacks,vower,zingy
dwarf,glyph,jocks,muntz,vibex
fldxt,jumby,speck,voraz,whing
brick,fldxt,spumy,vejoz,whang
brack,fldxt,sumph,vejoz,wingy
fldxt,jambe,qophs,vicky,wrung
fldxt,gconv,hawks,jumby,prize
curby,fldxt,skimp,vejoz,whang
crumb,fldxt,kyang,vejoz,whisp
fldxt,griph,numbs,vejoz,wacky
busky,chimp,fldxt,vejoz,wrang
bumph,fldxt,jacky,vower,zings
churm,fldxt,gawby,spink,vejoz
bumph,fldxt,jocks,waver,zingy
ampyx,bejig,fconv,hdqrs,klutz
fcomp,gawby,hdqrs,klutz,vixen
bumph,fldxt,vejoz,wring,yacks
bleck,frows,japyx,vingt,zhmud
bumpy,fldxt,rings,vejoz,whack
bungy,chirk,fldxt,swamp,vejoz
bawke,fldxt,gconv,jimpy,qursh
braky,chimp,fldxt,swung,vejoz
becks,fultz,japyx,mordv,whing
bumph,fldxt,ginzo,jacks,wyver
chivw,fldxt,jumps,kebar,zygon
bungy,fldxt,sparm,vejoz,whick
chump,fldxt,jakob,wyver,zings
fldxt,jumps,verby,whick,zogan
fldxt,nymph,squab,vejoz,wrick
chirm,fldxt,jowpy,uzbek,vangs
chivw,expdt,flank,grosz,jumby
bumph,fldxt,ricky,swang,vejoz
busky,cramp,fldxt,vejoz,whing
backs,fldxt,rumpy,vejoz,whing
fldxt,gumby,njave,qophs,wrick
bangy,flump,hdqrs,twick,vejoz
bejig,fldxt,knyaz,mowch,supvr
bumph,fldxt,gawky,scrin,vejoz
bungy,fldxt,prahm,vejoz,wicks
bumpy,flang,hdqrs,twick,vejoz
chimb,fldxt,sprug,vejoz,wanky
breva,fldxt,jumps,whick,zygon
flack,hdqrs,jowpy,muntz,vibex
bumph,fldxt,javer,wicks,zygon
brick,fldxt,mungy,vejoz,whaps
bungy,cramp,fldxt,vejoz,whisk
bumph,fldxt,gravy,jocks,wizen
fldxt,gawby,murph,snick,vejoz
backs,fldxt,grump,vejoz,whiny
fldxt,gryph,minbu,vejoz,wacks
cribs,fldxt,nymph,quawk,vejoz
chivw,fldxt,jumpy,krebs,zogan
chums,fldxt,gawby,prink,vejoz
bucky,flimp,hdqrs,twang,vejoz
fldxt,jarvy,mowch,pings,uzbek
fldxt,gumby,spark,vejoz,winch
bumps,fldxt,gyric,vejoz,whank
burez,fldxt,jocks,vying,whamp
brims,fldxt,pungy,vejoz,whack
brows,fleck,japyx,vingt,zhmud
fldxt,jumby,qophs,vegan,wrick
chimb,fldxt,pawky,rungs,vejoz
bungy,fldxt,micks,vejoz,wharp
bungs,fldxt,hicky,vejoz,wramp
crink,fldxt,gumby,vejoz,whaps
brevi,fldxt,jumps,whack,zygon
fldxt,gimps,jarvy,nowch,uzbek
chowk,fldxt,jumps,vying,zebra
bumps,fldxt,ricky,vejoz,whang
chowk,fldxt,jambe,supvr,zingy
bewig,flock,hdqrs,japyx,muntz
bevor,fldxt,jacky,whump,zings
fldxt,gripy,numbs,vejoz,whack
brawn,fldxt,pigmy,shuck,vejoz
bumph,fldxt,racks,vejoz,wingy
flamb,hdqrs,pungy,twick,vejoz
bungs,fldxt,mawky,prich,vejoz
fldxt,grosz,jumby,paven,whick
burns,fldxt,pigmy,vejoz,whack
bumph,fldxt,jacks,wrive,zygon
fldxt,gumby,parch,vejoz,winks
fldxt,jacko,verby,whump,zings
chimb,fldxt,rawky,spung,vejoz
bangs,fldxt,humpy,vejoz,wrick
braws,fldxt,gucki,nymph,vejoz
burps,fldxt,micky,vejoz,whang
chivw,fjord,klutz,mangy,pbxes
bangs,fldxt,rumpy,vejoz,whick
bucky,fldxt,prism,vejoz,whang
bejan,fldxt,grosz,vicky,whump
bhang,fldxt,rumpy,vejoz,wicks
bumpy,ching,fldxt,vejoz,warks
chimb,fldxt,parky,swung,vejoz
fldxt,gumby,spink,vejoz,warch
brink,chump,fldxt,gawsy,vejoz
fldxt,nymph,quags,vejoz,wrick
bhang,crump,fldxt,skiwy,vejoz
fldxt,gawby,runch,skimp,vejoz
becks,fldxt,jumpy,voraz,whing
bovld,freck,japyx,muntz,whigs
avick,benjy,fldxt,grosz,whump
bingy,fldxt,rumps,vejoz,whack
bungy,chimp,fldxt,vejoz,warks
bumph,fldxt,rangy,vejoz,wicks
fldxt,mawks,pinch,rugby,vejoz
blitz,fconv,gryph,judex,mawks
becks,fldxt,jumpy,vizor,whang
fldxt,gawby,jumps,kench,vizor
ampyx,bewig,fconv,hdqrs,klutz
chirm,fldxt,gawby,spunk,vejoz
fldxt,picky,rhumb,swang,vejoz
bumpy,fldxt,shack,vejoz,wring
bumps,fldxt,hacky,vejoz,wring
bungy,fldxt,skimp,vejoz,warch
bunch,fldxt,gawks,primy,vejoz
bingy,chump,fldxt,vejoz,warks
breva,fldxt,jocks,whump,zingy
bingy,crump,fldxt,hawks,vejoz
bumpy,fldxt,gawks,rinch,vejoz
burps,ching,fldxt,mawky,vejoz
brack,fldxt,mungy,vejoz,whisp
burgh,campy,fldxt,vejoz,winks
brick,fldxt,vejoz,whump,yangs
chivw,fldxt,jerky,spung,zambo
bryum,fldxt,spang,vejoz,whick
chowk,fldxt,jumby,verpa,zings
bangy,fldxt,sumph,vejoz,wrick
bumph,crang,fldxt,skiwy,vejoz
bejig,chump,fldxt,knyaz,vrows
brack,fldxt,pungy,vejoz,whims
fldxt,gryph,njave,quick,wombs
bumph,crink,fldxt,gawsy,vejoz
fldxt,gryph,jambs,quick,woven
bring,fldxt,mucky,vejoz,whaps
bucky,fldxt,singh,vejoz,wramp
fldxt,given,jumby,qophs,wrack
bunch,fldxt,pigmy,vejoz,warks
chimp,fldxt,gawby,knurs,vejoz
backy,fldxt,grump,vejoz,whins
chivw,fldxt,graze,jumby,knosp
baken,chivw,fldxt,grosz,jumpy
crumb,fldxt,kaphs,vejoz,wingy
benjy,chowk,fldxt,gramp,squiz
cribs,fldxt,kyung,vejoz,whamp
backy,fldxt,sumph,vejoz,wring
bumps,chivw,fldxt,jerky,zogan
banks,fldxt,gyric,vejoz,whump
chung,fldxt,kirby,swamp,vejoz
chimp,fldxt,gawks,runby,vejoz
fldxt,ghbor,jumps,vicky,wanze
bungs,chirm,fldxt,pawky,vejoz
exptl,gconv,hdqrs,jumby,kafiz
carby,fldxt,kings,vejoz,whump
chirk,fldxt,gumby,spawn,vejoz
exptl,gconv,hdqrs,jumby,wakif
bumph,fldxt,gynic,vejoz,warks
crwth,gambs,kylix,pfund,vejoz
becks,fldxt,ginzo,jarvy,whump
bring,fldxt,vejoz,whamp,yucks
blitz,fconv,gawky,hdqrs,pumex
barmy,fldxt,spung,vejoz,whick
fldxt,gumby,snick,vejoz,wharp
busky,ching,fldxt,vejoz,wramp
fldxt,jumba,qophs,vying,wreck
frack,jowly,pbxes,vingt,zhmud
fldxt,namby,sprug,vejoz,whick
expwy,flack,hdqrs,jumbo,vingt
dhikr,expwy,fultz,gconv,jambs
ampyx,flung,hdqrs,twick,vejoz
fultz,jacky,mordv,pbxes,whing
fjord,gucks,nymph,vibex,waltz
brawn,fldxt,kopje,vughs,zymic
fldxt,kinch,rugby,swamp,vejoz
bichy,fldxt,grump,swank,vejoz
bevor,fldxt,jumpy,whack,zings
cribs,fldxt,kyang,vejoz,whump
chimp,fldxt,jarvy,swonk,uzbeg
ampyx,bortz,chivw,fjeld,gunks
briny,chump,fldxt,gawks,vejoz
burns,chimp,fldxt,gawky,vejoz
bumph,fldxt,gyric,swank,vejoz
dumbs,fritz,gconv,japyx,whelk
bangy,crump,fldxt,vejoz,whisk
bangs,fldxt,ricky,vejoz,whump
brims,fldxt,gawky,punch,vejoz
bezan,fldxt,grovy,jumps,whick
bring,fldxt,humpy,vejoz,wacks
fldxt,nymph,squib,vejoz,wrack
bungy,fldxt,mawks,prich,vejoz
brims,chung,fldxt,pawky,vejoz
expwy,flock,hdqrs,jumba,vingt
burps,fldxt,mingy,vejoz,whack
fldxt,gconv,jerky,saqib,whump
bingy,fldxt,rucks,vejoz,whamp
bungy,fldxt,ricks,vejoz,whamp
bumpy,fldxt,kings,vejoz,warch
bargh,fldxt,numps,vejoz,wicky
chivw,fldxt,jumby,perks,zogan
chivw,expdt,furzy,jambs,klong
bring,fldxt,vejoz,whump,yacks
fldxt,jocks,verby,whump,zigan
cheng,fldxt,jowpy,mirvs,uzbak
bingy,fldxt,mucks,vejoz,wharp
birch,fldxt,mawks,pungy,vejoz
burps,fldxt,mckay,vejoz,whing
bunch,fldxt,gimps,rawky,vejoz
bumpy,fldxt,grosz,njave,whick
benjy,fldxt,grosz,quick,whamp
backy,fldxt,rings,vejoz,whump
fldxt,gawks,nymph,urbic,vejoz
fldxt,gconv,herbs,jimpy,quawk
fldxt,gawky,numbs,prich,vejoz
braws,chimp,fldxt,kyung,vejoz
fangy,hdqrs,plumb,twick,vejoz
bumpy,chirk,fldxt,swang,vejoz
bench,fldxt,grosz,jimpy,quawk
bangs,fldxt,murph,vejoz,wicky
bucky,fldxt,javer,whomp,zings
backs,fldxt,humpy,vejoz,wring
bhang,fldxt,rumps,vejoz,wicky
becky,fldxt,jumps,voraz,whing
fldxt,grovy,jacks,whump,zineb
fldxt,jumby,navig,qophs,wreck
fldxt,grubs,mawky,pinch,vejoz
bruja,chivw,fldxt,skemp,zygon
bumph,fldxt,gnars,vejoz,wicky
bortz,chivw,dunks,flegm,japyx
brins,chump,fldxt,gawky,vejoz
brack,fldxt,spumy,vejoz,whing
fldxt,ginzo,jumby,pshav,wreck
chowk,fldxt,jumps,verby,zigan
fldxt,graph,numbs,vejoz,wicky
fldxt,grimp,subch,vejoz,wanky
bumph,fldxt,gconv,jerky,swazi
brisk,cangy,fldxt,vejoz,whump
bumps,chivw,fldxt,jorge,knyaz
bangy,fldxt,murph,vejoz,wicks
bichy,fldxt,gunks,vejoz,wramp
brusk,champ,fldxt,vejoz,wingy
bocks,fldxt,javer,whump,zingy
bowls,freck,japyx,vingt,zhmud
fldxt,gawby,kinch,rumps,vejoz
bungy,fldxt,prism,vejoz,whack
brahm,fldxt,picky,swung,vejoz
fldxt,gconv,jerky,squib,whamp
fldxt,jerky,vocab,whump,zings
bucks,fldxt,ringy,vejoz,whamp
exptl,fconv,gawby,hdqrs,mujik
birch,fldxt,kyung,swamp,vejoz
fldxt,ganch,jowpy,mirvs,uzbek
becks,frowl,japyx,vingt,zhmud
fldxt,gumby,prich,swank,vejoz
chimp,fldxt,gowns,jarvy,uzbek
bring,fldxt,spumy,vejoz,whack
bumpy,fldxt,shick,vejoz,wrang
fldxt,jarvy,snick,uzbeg,whomp
fldxt,jumby,prove,whack,zings
carvy,fldxt,jinks,uzbeg,whomp
fldxt,quack,verbs,whomp,zingy
bumph,fldxt,jocks,wyver,zigan
flong,jarvy,pbxes,twick,zhmud
bilks,fconv,grewt,japyx,zhmud
fldxt,gconv,jumpy,whisk,zebra
chimp,fldxt,quawk,verbs,zygon
fldxt,pings,rhumb,vejoz,wacky
fldxt,rhumb,spang,vejoz,wicky
brahm,fldxt,pucks,vejoz,wingy
bumps,chowk,fldxt,javer,zingy
backy,fldxt,murph,vejoz,wings
fldxt,gumby,prink,schwa,vejoz
braws,fldxt,nymph,quick,vejoz
curby,fldxt,kings,vejoz,whamp
fldxt,jocks,vying,whump,zebra
bunch,fldxt,gawky,prism,vejoz
fldxt,gconv,jerky,sabzi,whump
bangy,fldxt,ricks,vejoz,whump
bonze,fldxt,jimpy,vughs,wrack
bumph,fldxt,grosz,njave,wicky
bryum,fldxt,spack,vejoz,whing
brusk,chawn,fldxt,pigmy,vejoz
brigs,fldxt,munch,pawky,vejoz
fldxt,gucks,jarvy,whomp,zineb
bumpy,fldxt,shang,vejoz,wrick
bunks,fldxt,pigmy,vejoz,warch
bumph,fldxt,ringy,vejoz,wacks
fldxt,gconv,jimpy,uzbak,wersh
flong,japyx,twick,verbs,zhmud
fldxt,quack,verby,whomp,zings
fldxt,jumby,qophs,wreck,zigan
briny,fldxt,gucks,vejoz,whamp
busky,chawn,fldxt,grimp,vejoz
crimp,fldxt,gawby,hunks,vejoz
bhang,fldxt,spumy,vejoz,wrick
brick,fldxt,humpy,swang,vejoz
fldxt,jarvy,mowch,spink,uzbeg
fldxt,pigmy,scrub,vejoz,whank
fcomp,hdqrs,junky,vibex,waltz
bronk,chivw,fldxt,gazes,jumpy
bumph,fldxt,jives,wrack,zygon
chimb,fldxt,kyung,vejoz,wraps
backs,fldxt,ringy,vejoz,whump
fldxt,johns,uzbeg,vicky,wramp
chunk,fldxt,gawby,prism,vejoz
benjy,fldxt,oghuz,vamps,wrick
frock,japyx,seqwl,vingt,zhmud
chomp,fldxt,quawk,verbs,zingy
chivw,fldxt,jumby,karez,spong
becks,fldxt,rajiv,whump,zygon
bungs,fldxt,prahm,vejoz,wicky
burga,fldxt,nymph,vejoz,wicks
brick,fldxt,pungy,vejoz,whams
birch,fldxt,mawky,spung,vejoz
bingy,fldxt,shuck,vejoz,wramp
fldxt,grabs,nicky,vejoz,whump
fldxt,grapy,numbs,vejoz,whick
chomp,fldxt,jarvy,uzbeg,winks
fldxt,gravy,jocks,whump,zineb
burps,fldxt,mangy,vejoz,whick
fldxt,jumba,qophs,wreck,zingy
bewig,fconv,hdqrs,japyx,klutz
bucky,fldxt,prang,vejoz,whims
fldxt,gibus,nymph,vejoz,wrack
chivw,fldxt,jambs,puker,zygon
bucky,fldxt,gramp,vejoz,whins
barks,fldxt,gynic,vejoz,whump
chowk,fldxt,jumpy,verbs,zigan
bumps,fldxt,hicky,vejoz,wrang
bucky,fldxt,phasm,vejoz,wring
fldxt,gumby,kinch,vejoz,wraps
fldxt,jarvy,nowch,skimp,uzbeg
brock,fldxt,jimpy,vughs,wanze
bucky,fldxt,rings,vejoz,whamp
bungs,fldxt,ricky,vejoz,whamp
flowk,hdqrs,imcnt,japyx,uzbeg
fldxt,grovy,jumps,whack,zineb
bungs,fldxt,primy,vejoz,whack
chivw,fldxt,grosz,jambe,punky
crumb,fldxt,gipsy,vejoz,whank
bungy,fldxt,prick,vejoz,whams
bucky,fldxt,prahm,vejoz,wings
backy,fldxt,rumps,vejoz,whing
bejig,fldxt,nymph,quack,vrows
brigs,chump,fldxt,vejoz,wanky
fcomp,hdqrs,kyung,vibex,waltz
fldxt,gawby,murks,pinch,vejoz
bumpy,crang,fldxt,vejoz,whisk
fldxt,kumbi,psych,vejoz,wrang
fldxt,ginzo,jumpy,verbs,whack
brack,fldxt,humpy,vejoz,wings
bumph,fldxt,gracy,vejoz,winks
comps,fldxt,jarvy,uzbek,whing
brisk,fldxt,gconv,jazey,whump
banky,crump,fldxt,vejoz,whigs
bucks,fldxt,hying,vejoz,wramp
bring,fldxt,psych,quawk,vejoz
crink,fldxt,gawby,sumph,vejoz
chump,fldxt,gowks,jarvy,zineb
chimp,fldxt,grubs,vejoz,wanky
chomp,fldxt,jarvy,uzbek,wings
bungy,fldxt,shick,vejoz,wramp
behav,fldxt,jumps,wrick,zygon
brusk,fldxt,gynic,vejoz,whamp
fldxt,jimpy,schav,uzbek,wrong
fldxt,quick,verbs,whamp,zygon
chivw,fldxt,jumba,perks,zygon
bungy,crimp,fldxt,hawks,vejoz
bumpy,chivw,fldxt,jerks,zogan
crawm,fldxt,qophs,uzbek,vying
benjy,chump,fldxt,gawks,vizor
brock,japyx,seqwl,vingt,zhmud
bongs,chivw,fldxt,jumpy,karez
chimb,expwy,fjord,klutz,vangs
bungs,fldxt,micky,vejoz,wharp
burez,fldxt,gconv,hawks,jimpy
fldxt,jerks,vocab,whump,zingy
fldxt,ginzo,jacky,verbs,whump
fldxt,gumby,pinch,vejoz,warks
crank,fldxt,gumby,vejoz,whisp
fldxt,gawby,punch,smirk,vejoz
burez,chowk,fldxt,jimpy,vangs
chawn,fldxt,gumby,skirp,vejoz
bumph,fldxt,grosz,jacky,vinew
breck,japyx,vingt,wolfs,zhmud
bumps,fldxt,rangy,vejoz,whick
bawke,fultz,gconv,hdqrs,jimpy
bumph,fldxt,jacko,wyver,zings
champ,fldxt,rugby,vejoz,winks
bungs,chimp,fldxt,rawky,vejoz
expdt,furzy,gconv,jambs,whilk
bocks,flegm,japyx,thruv,windz
chank,fldxt,jimpy,uzbeg,vrows
bevor,fldxt,jacks,whump,zingy
crumb,fldxt,pawky,singh,vejoz
chomp,fldxt,quawk,verby,zings
barmy,fldxt,pucks,vejoz,whing
birch,fldxt,gawky,numps,vejoz
chowk,fldxt,gravy,jumps,zineb
burgh,fldxt,micky,spawn,vejoz
burgh,fldxt,nicky,swamp,vejoz
brack,fldxt,jives,whump,zygon
bumpy,flick,hdqrs,twang,vejoz
bumps,fldxt,karch,vejoz,wingy
barms,fldxt,pungy,vejoz,whick
bumps,fldxt,gawky,rinch,vejoz
chirk,fldxt,gawby,numps,vejoz
bumps,fldxt,hying,vejoz,wrack
bucks,fldxt,prahm,vejoz,wingy
braws,chunk,fldxt,pigmy,vejoz
chump,fldxt,gawby,rinks,vejoz
bunks,fldxt,gyric,vejoz,whamp
breva,chowk,fldxt,jumpy,zings
bevor,fldxt,jumps,whack,zingy
fldxt,rugby,snick,vejoz,whamp
fldxt,gumby,prawn,shick,vejoz
becky,fldxt,jumps,vizor,whang
cheng,fldxt,jimpy,uzbak,vrows
curby,fldxt,gimps,vejoz,whank
bemix,fultz,gconv,hdqrs,pawky
bigam,expwy,fconv,hdqrs,klutz
fldxt,gumby,pirns,vejoz,whack
chump,fldxt,kirby,swang,vejoz
chivw,fldxt,grype,junks,zambo
fldxt,gamps,runby,vejoz,whick
brusk,campy,fldxt,vejoz,whing
glack,hdqrs,jowpy,muntz,vibex
bucky,fldxt,sparm,vejoz,whing
bumph,fldxt,grovy,jacks,wizen
bench,fldxt,gawky,jumps,vizor
backs,fldxt,murph,vejoz,wingy
busky,champ,fldxt,vejoz,wring
fldxt,jumpy,verbs,whick,zogan
brick,fldxt,nymph,squaw,vejoz
bumpy,fldxt,racks,vejoz,whing
chawn,fldxt,rugby,skimp,vejoz
fldxt,grabs,nymph,quick,vejoz
bumph,fldxt,gowks,javer,zincy
bucks,fldxt,javer,whomp,zingy
block,fremt,japyx,vughs,windz
chivw,expdt,flamb,grosz,junky
barks,chump,fldxt,vejoz,wingy
busky,fldxt,gramp,vejoz,winch